<?xml version="1.0" encoding="UTF-8"?>
<!DOCTYPE hibernate-configuration PUBLIC "-//Hibernate/Hibernate Configuration DTD 3.0//EN" "http://www.hibernate.org/dtd/hibernate-configuration-3.0.dtd">
<hibernate-configuration>
  <session-factory>
    <property name="connection.driver_class">com.mysql.jdbc.Driver</property>
    <property name="connection.url">jdbc:mysql://localhost/Practica2</property>
    <property name="connection.username">root</property>
    <property name="connection.password"/>
    <property name="dialect">org.hibernate.dialect.MySQL5Dialect</property>
    <property name="c3p0.timeout">300</property>
    <property name="show_sql">true</property>
    <property name="hbm2ddl.auto">create</property>
    
    <mapping class="es.ucm.abd.practica2.model.Crossword"/>
    <mapping class="es.ucm.abd.practica2.model.Word"/>
    <mapping class="es.ucm.abd.practica2.model.WordOccurrence"/>
  </session-factory>
</hibernate-configuration>
